[
    {
        "topic": "react",
        "title": "Hello React Component",
        "description": "Create a React component that displays 'Hello React' on the screen.",
        "difficulty": 1,
        "tags": [
            "basics",
            "jsx",
            "component"
        ],
        "starterCode": "function App() {\n  return (\n    <div>\n      {/* Your code here */}\n    </div>\n  );\n}",
        "solution": "function App() {\n  return (\n    <div>\n      <h1>Hello React</h1>\n    </div>\n  );\n}",
        "testCases": []
    },
    {
        "topic": "react",
        "title": "Counter Button",
        "description": "Create a button that increments a counter value each time it is clicked.",
        "difficulty": 1,
        "tags": [
            "useState",
            "events",
            "state"
        ],
        "starterCode": "function Counter() {\n  // Add state here\n  \n  return (\n    <div>\n      <p>Count: {/* display count */}</p>\n      <button onClick={/* increment function */}>Increment</button>\n    </div>\n  );\n}",
        "solution": "function Counter() {\n  const [count, setCount] = useState(0);\n  \n  return (\n    <div>\n      <p>Count: {count}</p>\n      <button onClick={() => setCount(count + 1)}>Increment</button>\n    </div>\n  );\n}",
        "testCases": []
    },
    {
        "topic": "react",
        "title": "Toggle Text Visibility",
        "description": "Create a button to toggle text visibility (Show / Hide).",
        "difficulty": 1,
        "tags": [
            "useState",
            "conditional-rendering"
        ],
        "starterCode": "function ToggleText() {\n  // Add state here\n  \n  return (\n    <div>\n      <button onClick={/* toggle function */}>\n        {/* Show/Hide text */}\n      </button>\n      {/* Conditionally render text */}\n    </div>\n  );\n}",
        "solution": "function ToggleText() {\n  const [isVisible, setIsVisible] = useState(true);\n  \n  return (\n    <div>\n      <button onClick={() => setIsVisible(!isVisible)}>\n        {isVisible ? 'Hide' : 'Show'}\n      </button>\n      {isVisible && <p>This text can be toggled!</p>}\n    </div>\n  );\n}",
        "testCases": []
    },
    {
        "topic": "react",
        "title": "Input Display",
        "description": "Create an input field and display the typed value below it.",
        "difficulty": 1,
        "tags": [
            "useState",
            "onChange",
            "controlled-input"
        ],
        "starterCode": "function InputDisplay() {\n  // Add state here\n  \n  return (\n    <div>\n      <input \n        type=\"text\" \n        onChange={/* handle change */}\n        placeholder=\"Type something...\"\n      />\n      <p>You typed: {/* display text */}</p>\n    </div>\n  );\n}",
        "solution": "function InputDisplay() {\n  const [text, setText] = useState('');\n  \n  return (\n    <div>\n      <input \n        type=\"text\" \n        value={text}\n        onChange={(e) => setText(e.target.value)}\n        placeholder=\"Type something...\"\n      />\n      <p>You typed: {text}</p>\n    </div>\n  );\n}",
        "testCases": []
    },
    {
        "topic": "react",
        "title": "Render List with Map",
        "description": "Render a list of items using map() in React.",
        "difficulty": 2,
        "tags": [
            "map",
            "lists",
            "jsx"
        ],
        "starterCode": "function ItemList() {\n  const items = ['Apple', 'Banana', 'Orange', 'Mango'];\n  \n  return (\n    <ul>\n      {/* Use map to render items */}\n    </ul>\n  );\n}",
        "solution": "function ItemList() {\n  const items = ['Apple', 'Banana', 'Orange', 'Mango'];\n  \n  return (\n    <ul>\n      {items.map((item, index) => (\n        <li key={index}>{item}</li>\n      ))}\n    </ul>\n  );\n}",
        "testCases": []
    },
    {
        "topic": "react",
        "title": "Dynamic List Addition",
        "description": "Add items to a list dynamically using an input field and button.",
        "difficulty": 2,
        "tags": [
            "useState",
            "arrays",
            "events"
        ],
        "starterCode": "function DynamicList() {\n  // Add state for items and input\n  \n  const addItem = () => {\n    // Add item logic\n  };\n  \n  return (\n    <div>\n      <input type=\"text\" placeholder=\"Enter item\" />\n      <button onClick={addItem}>Add</button>\n      <ul>\n        {/* Render items */}\n      </ul>\n    </div>\n  );\n}",
        "solution": "function DynamicList() {\n  const [items, setItems] = useState([]);\n  const [input, setInput] = useState('');\n  \n  const addItem = () => {\n    if (input.trim()) {\n      setItems([...items, input]);\n      setInput('');\n    }\n  };\n  \n  return (\n    <div>\n      <input \n        type=\"text\" \n        value={input}\n        onChange={(e) => setInput(e.target.value)}\n        placeholder=\"Enter item\" \n      />\n      <button onClick={addItem}>Add</button>\n      <ul>\n        {items.map((item, index) => (\n          <li key={index}>{item}</li>\n        ))}\n      </ul>\n    </div>\n  );\n}",
        "testCases": []
    },
    {
        "topic": "react",
        "title": "Props Data Passing",
        "description": "Pass data from a parent component to a child component using props.",
        "difficulty": 2,
        "tags": [
            "props",
            "components"
        ],
        "starterCode": "function Child(props) {\n  return <p>{/* Display prop data */}</p>;\n}\n\nfunction Parent() {\n  const message = \"Hello from Parent!\";\n  return (\n    <div>\n      <Child /* pass message as prop */ />\n    </div>\n  );\n}",
        "solution": "function Child(props) {\n  return <p>{props.message}</p>;\n}\n\nfunction Parent() {\n  const message = \"Hello from Parent!\";\n  return (\n    <div>\n      <Child message={message} />\n    </div>\n  );\n}",
        "testCases": []
    },
    {
        "topic": "react",
        "title": "Conditional Button Disable",
        "description": "Disable a button if the input field is empty.",
        "difficulty": 2,
        "tags": [
            "useState",
            "conditional",
            "disabled"
        ],
        "starterCode": "function ConditionalButton() {\n  // Add state\n  \n  return (\n    <div>\n      <input \n        type=\"text\" \n        placeholder=\"Type to enable button\"\n      />\n      <button /* add disabled condition */>Submit</button>\n    </div>\n  );\n}",
        "solution": "function ConditionalButton() {\n  const [input, setInput] = useState('');\n  \n  return (\n    <div>\n      <input \n        type=\"text\" \n        value={input}\n        onChange={(e) => setInput(e.target.value)}\n        placeholder=\"Type to enable button\"\n      />\n      <button disabled={!input.trim()}>Submit</button>\n    </div>\n  );\n}",
        "testCases": []
    },
    {
        "topic": "react",
        "title": "Fetch API Users",
        "description": "Fetch data from an API and display the list of users.",
        "difficulty": 3,
        "tags": [
            "useEffect",
            "fetch",
            "api"
        ],
        "starterCode": "function UserList() {\n  // Add state for users\n  \n  // Use useEffect to fetch data\n  \n  return (\n    <div>\n      <h2>Users</h2>\n      <ul>\n        {/* Map and display users */}\n      </ul>\n    </div>\n  );\n}",
        "solution": "function UserList() {\n  const [users, setUsers] = useState([]);\n  \n  useEffect(() => {\n    fetch('https://jsonplaceholder.typicode.com/users')\n      .then(response => response.json())\n      .then(data => setUsers(data));\n  }, []);\n  \n  return (\n    <div>\n      <h2>Users</h2>\n      <ul>\n        {users.map(user => (\n          <li key={user.id}>{user.name}</li>\n        ))}\n      </ul>\n    </div>\n  );\n}",
        "testCases": []
    },
    {
        "topic": "react",
        "title": "Form Submission Handler",
        "description": "Create a form and handle form submission without page reload.",
        "difficulty": 2,
        "tags": [
            "onSubmit",
            "preventDefault",
            "forms"
        ],
        "starterCode": "function FormComponent() {\n  // Add state\n  \n  const handleSubmit = (e) => {\n    // Handle form submission\n  };\n  \n  return (\n    <form onSubmit={handleSubmit}>\n      <input type=\"text\" placeholder=\"Name\" />\n      <button type=\"submit\">Submit</button>\n    </form>\n  );\n}",
        "solution": "function FormComponent() {\n  const [name, setName] = useState('');\n  \n  const handleSubmit = (e) => {\n    e.preventDefault();\n    alert(`Submitted: ${name}`);\n  };\n  \n  return (\n    <form onSubmit={handleSubmit}>\n      <input \n        type=\"text\" \n        value={name}\n        onChange={(e) => setName(e.target.value)}\n        placeholder=\"Name\" \n      />\n      <button type=\"submit\">Submit</button>\n    </form>\n  );\n}",
        "testCases": []
    },
    {
        "topic": "react",
        "title": "Background Color Changer",
        "description": "Create a component that changes background color when a button is clicked.",
        "difficulty": 2,
        "tags": [
            "useState",
            "style",
            "events"
        ],
        "starterCode": "function ColorChanger() {\n  // Add state for color\n  \n  return (\n    <div style={{ /* apply background color */ }}>\n      <button onClick={/* change color */}>Change Color</button>\n    </div>\n  );\n}",
        "solution": "function ColorChanger() {\n  const [color, setColor] = useState('white');\n  \n  const changeColor = () => {\n    const colors = ['red', 'blue', 'green', 'yellow', 'pink'];\n    const randomColor = colors[Math.floor(Math.random() * colors.length)];\n    setColor(randomColor);\n  };\n  \n  return (\n    <div style={{ backgroundColor: color, padding: '20px' }}>\n      <button onClick={changeColor}>Change Color</button>\n    </div>\n  );\n}",
        "testCases": []
    },
    {
        "topic": "react",
        "title": "Conditional Message Display",
        "description": "Show a message only if a condition is true using conditional rendering.",
        "difficulty": 1,
        "tags": [
            "conditional-rendering",
            "useState"
        ],
        "starterCode": "function ConditionalMessage() {\n  // Add state\n  \n  return (\n    <div>\n      <button onClick={/* toggle */}>Toggle Message</button>\n      {/* Conditionally render message */}\n    </div>\n  );\n}",
        "solution": "function ConditionalMessage() {\n  const [showMessage, setShowMessage] = useState(false);\n  \n  return (\n    <div>\n      <button onClick={() => setShowMessage(!showMessage)}>Toggle Message</button>\n      {showMessage && <p>This message is conditionally rendered!</p>}\n    </div>\n  );\n}",
        "testCases": []
    },
    {
        "topic": "react",
        "title": "Login Form with State",
        "description": "Create a simple login form with email and password fields using state.",
        "difficulty": 2,
        "tags": [
            "useState",
            "forms",
            "multiple-inputs"
        ],
        "starterCode": "function LoginForm() {\n  // Add state for email and password\n  \n  return (\n    <div>\n      <input type=\"email\" placeholder=\"Email\" />\n      <input type=\"password\" placeholder=\"Password\" />\n      <button>Login</button>\n    </div>\n  );\n}",
        "solution": "function LoginForm() {\n  const [email, setEmail] = useState('');\n  const [password, setPassword] = useState('');\n  \n  return (\n    <div>\n      <input \n        type=\"email\" \n        value={email}\n        onChange={(e) => setEmail(e.target.value)}\n        placeholder=\"Email\" \n      />\n      <input \n        type=\"password\" \n        value={password}\n        onChange={(e) => setPassword(e.target.value)}\n        placeholder=\"Password\" \n      />\n      <button>Login</button>\n    </div>\n  );\n}",
        "testCases": []
    },
    {
        "topic": "react",
        "title": "Click Counter with useEffect",
        "description": "Create a component that counts how many times a button is clicked using useEffect.",
        "difficulty": 2,
        "tags": [
            "useState",
            "useEffect",
            "side-effects"
        ],
        "starterCode": "function ClickCounter() {\n  // Add state\n  \n  // Use useEffect to log count\n  \n  return (\n    <div>\n      <p>Clicks: {/* display count */}</p>\n      <button onClick={/* increment */}>Click Me</button>\n    </div>\n  );\n}",
        "solution": "function ClickCounter() {\n  const [count, setCount] = useState(0);\n  \n  useEffect(() => {\n    console.log(`Button clicked ${count} times`);\n  }, [count]);\n  \n  return (\n    <div>\n      <p>Clicks: {count}</p>\n      <button onClick={() => setCount(count + 1)}>Click Me</button>\n    </div>\n  );\n}",
        "testCases": []
    },
    {
        "topic": "react",
        "title": "Search Filter Component",
        "description": "Create a search filter that filters a list of names as the user types.",
        "difficulty": 3,
        "tags": [
            "useState",
            "filter",
            "search"
        ],
        "starterCode": "function SearchFilter() {\n  const names = ['Alice', 'Bob', 'Charlie', 'David', 'Eve'];\n  // Add state for search\n  \n  return (\n    <div>\n      <input type=\"text\" placeholder=\"Search names...\" />\n      <ul>\n        {/* Filter and display names */}\n      </ul>\n    </div>\n  );\n}",
        "solution": "function SearchFilter() {\n  const names = ['Alice', 'Bob', 'Charlie', 'David', 'Eve'];\n  const [search, setSearch] = useState('');\n  \n  const filteredNames = names.filter(name => \n    name.toLowerCase().includes(search.toLowerCase())\n  );\n  \n  return (\n    <div>\n      <input \n        type=\"text\" \n        value={search}\n        onChange={(e) => setSearch(e.target.value)}\n        placeholder=\"Search names...\" \n      />\n      <ul>\n        {filteredNames.map((name, index) => (\n          <li key={index}>{name}</li>\n        ))}\n      </ul>\n    </div>\n  );\n}",
        "testCases": []
    },
    {
        "topic": "react",
        "title": "Current Date and Time Display",
        "description": "Create a component that displays the current date and time.",
        "difficulty": 2,
        "tags": [
            "useState",
            "useEffect",
            "date"
        ],
        "starterCode": "function DateTime() {\n  // Add state for current time\n  \n  // Use useEffect to update time\n  \n  return (\n    <div>\n      <p>{/* Display date and time */}</p>\n    </div>\n  );\n}",
        "solution": "function DateTime() {\n  const [currentTime, setCurrentTime] = useState(new Date());\n  \n  useEffect(() => {\n    const timer = setInterval(() => {\n      setCurrentTime(new Date());\n    }, 1000);\n    \n    return () => clearInterval(timer);\n  }, []);\n  \n  return (\n    <div>\n      <p>{currentTime.toLocaleString()}</p>\n    </div>\n  );\n}",
        "testCases": []
    },
    {
        "topic": "react",
        "title": "Controlled Checkbox",
        "description": "Create a controlled checkbox and display whether it is checked or not.",
        "difficulty": 1,
        "tags": [
            "useState",
            "checkbox",
            "controlled-input"
        ],
        "starterCode": "function CheckboxComponent() {\n  // Add state\n  \n  return (\n    <div>\n      <input type=\"checkbox\" />\n      <p>Checkbox is: {/* checked/unchecked */}</p>\n    </div>\n  );\n}",
        "solution": "function CheckboxComponent() {\n  const [isChecked, setIsChecked] = useState(false);\n  \n  return (\n    <div>\n      <input \n        type=\"checkbox\" \n        checked={isChecked}\n        onChange={(e) => setIsChecked(e.target.checked)}\n      />\n      <p>Checkbox is: {isChecked ? 'Checked' : 'Unchecked'}</p>\n    </div>\n  );\n}",
        "testCases": []
    },
    {
        "topic": "react",
        "title": "Dropdown Select Component",
        "description": "Create a dropdown (select) and display the selected value.",
        "difficulty": 2,
        "tags": [
            "useState",
            "select",
            "onChange"
        ],
        "starterCode": "function DropdownComponent() {\n  // Add state\n  \n  return (\n    <div>\n      <select onChange={/* handle change */}>\n        <option value=\"\">Select a fruit</option>\n        <option value=\"apple\">Apple</option>\n        <option value=\"banana\">Banana</option>\n        <option value=\"orange\">Orange</option>\n      </select>\n      <p>Selected: {/* display selected */}</p>\n    </div>\n  );\n}",
        "solution": "function DropdownComponent() {\n  const [selected, setSelected] = useState('');\n  \n  return (\n    <div>\n      <select \n        value={selected}\n        onChange={(e) => setSelected(e.target.value)}\n      >\n        <option value=\"\">Select a fruit</option>\n        <option value=\"apple\">Apple</option>\n        <option value=\"banana\">Banana</option>\n        <option value=\"orange\">Orange</option>\n      </select>\n      <p>Selected: {selected}</p>\n    </div>\n  );\n}",
        "testCases": []
    },
    {
        "topic": "react",
        "title": "Reset Form Component",
        "description": "Create a component that resets input and state values on button click.",
        "difficulty": 2,
        "tags": [
            "useState",
            "reset",
            "forms"
        ],
        "starterCode": "function ResetForm() {\n  // Add state\n  \n  const handleReset = () => {\n    // Reset logic\n  };\n  \n  return (\n    <div>\n      <input type=\"text\" placeholder=\"Name\" />\n      <input type=\"email\" placeholder=\"Email\" />\n      <button onClick={handleReset}>Reset</button>\n    </div>\n  );\n}",
        "solution": "function ResetForm() {\n  const [name, setName] = useState('');\n  const [email, setEmail] = useState('');\n  \n  const handleReset = () => {\n    setName('');\n    setEmail('');\n  };\n  \n  return (\n    <div>\n      <input \n        type=\"text\" \n        value={name}\n        onChange={(e) => setName(e.target.value)}\n        placeholder=\"Name\" \n      />\n      <input \n        type=\"email\" \n        value={email}\n        onChange={(e) => setEmail(e.target.value)}\n        placeholder=\"Email\" \n      />\n      <button onClick={handleReset}>Reset</button>\n    </div>\n  );\n}",
        "testCases": []
    },
    {
        "topic": "react",
        "title": "Simple Todo App",
        "description": "Create a simple Todo App with add and delete functionality.",
        "difficulty": 3,
        "tags": [
            "useState",
            "arrays",
            "crud"
        ],
        "starterCode": "function TodoApp() {\n  // Add state for todos and input\n  \n  const addTodo = () => {\n    // Add todo logic\n  };\n  \n  const deleteTodo = (index) => {\n    // Delete todo logic\n  };\n  \n  return (\n    <div>\n      <input type=\"text\" placeholder=\"Add a todo\" />\n      <button onClick={addTodo}>Add</button>\n      <ul>\n        {/* Map todos with delete button */}\n      </ul>\n    </div>\n  );\n}",
        "solution": "function TodoApp() {\n  const [todos, setTodos] = useState([]);\n  const [input, setInput] = useState('');\n  \n  const addTodo = () => {\n    if (input.trim()) {\n      setTodos([...todos, input]);\n      setInput('');\n    }\n  };\n  \n  const deleteTodo = (index) => {\n    setTodos(todos.filter((_, i) => i !== index));\n  };\n  \n  return (\n    <div>\n      <input \n        type=\"text\" \n        value={input}\n        onChange={(e) => setInput(e.target.value)}\n        placeholder=\"Add a todo\" \n      />\n      <button onClick={addTodo}>Add</button>\n      <ul>\n        {todos.map((todo, index) => (\n          <li key={index}>\n            {todo}\n            <button onClick={() => deleteTodo(index)}>Delete</button>\n          </li>\n        ))}\n      </ul>\n    </div>\n  );\n}",
        "testCases": []
    }
]